{
  "id": "encounter-builder",
  "title": "5e Encounter Builder",
  "description": "Adds an application to determine encounter difficulty, based on the Kobold Fight Club. [Fork]",
  "version": "0.4.2",
  "compatibility": {
    "minimum": "10",
    "verified": "10.291"
  },
  "authors": [
    {
      "name": "RaySSharma"
    },
    {
      "name": "Stian Svedenborg"
    }
  ],
  "scripts": [
    "./src/encounter-builder.js",
    "./src/builder-form.js"
  ],
  "styles": [
    "./css/encounter-builder.css"
  ],
  "languages": [
    {
      "lang": "en",
      "name": "English",
      "path": "lang/en.json"
    },
    {
      "lang": "pt",
      "name": "Português do Brasil",
      "path": "lang/pt-BR.json"
    },
    {
      "lang": "es",
      "name": "Castellano",
      "path": "lang/es-ES.json"
    }
  ],
  "relationships": {
    "systems": [
      {
        "id": "dnd5e",
        "type": "system",
        "manifest": "https://raw.githubusercontent.com/foundryvtt/dnd5e/master/system.json",
        "compatibility": {
          "verified": "2.0.3"
        }
      }]
  },
  "url": "https://github.com/stian-svedenborg/fvtt-encounter-builder/blob/fixes-for-core-10/encounter-builder/module.json",
  "manifest": "https://github.com/stian-svedenborg/fvtt-encounter-builder/raw/fixes-for-core-10/encounter-builder/module.json",
  "download": "https://github.com/stian-svedenborg/fvtt-encounter-builder/raw/fixes-for-core-10/encounter-builder.zip",
  "readme": "https://github.com/stian-svedenborg/fvtt-encounter-builder/raw/fixes-for-core-10/README.md"
}
